City_ID,City,Lat,Lon,Max_Temp,Humidity,Wind,Clouds,Date
0,cayenne,4.9333,-52.3333,87.84,66,5.75,75,2022-10-21 12:43:59
1,kushima,31.4583,131.2333,68.76,74,4.41,98,2022-10-21 12:43:59
2,sao filipe,14.8961,-24.4956,79.16,76,4.47,56,2022-10-21 12:44:00
3,albany,42.6001,-73.9662,58.26,37,3.96,20,2022-10-21 12:44:00
4,constitucion,-35.3333,-72.4167,61.93,56,14.54,6,2022-10-21 12:44:00
5,ustye,59.6304,39.736,30.67,78,3.94,16,2022-10-21 12:44:01
6,adrar,20.5022,-10.0711,94.51,10,12.39,94,2022-10-21 12:44:01
7,punta arenas,-53.15,-70.9167,51.82,39,27.07,100,2022-10-21 12:44:01
8,jamestown,42.097,-79.2353,60.03,36,16.11,0,2022-10-21 12:41:55
9,manavalakurichi,8.1333,77.3,76.8,89,8.14,98,2022-10-21 12:44:02
10,norman wells,65.282,-126.8329,21.24,100,2.3,75,2022-10-21 12:44:02
11,kuji,40.1878,141.7689,55.45,80,6.49,0,2022-10-21 12:44:03
12,kavaratti,10.5669,72.642,81.75,76,4.27,99,2022-10-21 12:44:03
13,torbay,47.6666,-52.7314,58.87,78,11.5,75,2022-10-21 12:44:03
14,new norfolk,-42.7826,147.0587,62.1,90,1.14,100,2022-10-21 12:44:04
15,nizhniy baskunchak,48.2198,46.8311,47.34,73,15.52,99,2022-10-21 12:44:04
16,katsuura,35.1333,140.3,68.67,71,15.39,61,2022-10-21 12:44:04
17,east london,-33.0153,27.9116,70.74,78,12.66,75,2022-10-21 12:41:30
18,banda aceh,5.5577,95.3222,79.81,74,11.03,100,2022-10-21 12:44:05
19,esperance,-33.8667,121.9,57.34,76,6.26,100,2022-10-21 12:44:05
20,pisco,-13.7,-76.2167,64.02,82,9.22,75,2022-10-21 12:44:06
21,bredasdorp,-34.5322,20.0403,59.29,66,6.78,53,2022-10-21 12:44:06
22,ushuaia,-54.8,-68.3,51.42,50,25.32,75,2022-10-21 12:41:37
23,juegang,32.3174,121.1855,68.99,87,4.79,88,2022-10-21 12:44:06
24,barrow,71.2906,-156.7887,26.62,93,28.77,100,2022-10-21 12:42:17
25,high level,58.5169,-117.136,39.31,81,2.3,75,2022-10-21 12:40:07
26,camocim,-2.9022,-40.8411,90.43,51,17.34,78,2022-10-21 12:44:07
27,faanui,-16.4833,-151.75,79.16,76,17.96,12,2022-10-21 12:44:07
28,carnarvon,-24.8667,113.6333,66.85,80,16.98,0,2022-10-21 12:41:44
29,moniquira,5.8764,-73.5728,75.18,59,4.81,37,2022-10-21 12:44:08
30,biskamzha,53.4497,89.5272,36.95,99,5.55,100,2022-10-21 12:44:08
31,hobart,-42.8794,147.3294,62.46,93,3.44,75,2022-10-21 12:43:43
32,cape town,-33.9258,18.4232,66.27,68,28.77,0,2022-10-21 12:41:35
33,half moon bay,37.4636,-122.4286,63.82,94,6.91,100,2022-10-21 12:44:09
34,marzuq,14.4,46.4667,72.0,44,3.69,0,2022-10-21 12:44:09
35,caravelas,-17.7125,-39.2481,82.58,58,11.72,89,2022-10-21 12:44:10
36,college,64.8569,-147.8028,34.59,94,6.91,100,2022-10-21 12:44:10
37,valparaiso,-33.0393,-71.6273,71.83,76,11.5,0,2022-10-21 12:44:11
38,kismayo,-0.3582,42.5454,77.5,79,14.18,96,2022-10-21 12:44:11
39,moose factory,51.2585,-80.6094,42.78,81,20.71,100,2022-10-21 12:44:11
40,aranos,-24.1333,19.1167,82.69,30,17.27,22,2022-10-21 12:44:12
41,mirpur sakro,24.5474,67.6277,82.02,50,6.96,0,2022-10-21 12:44:12
42,flinders,-34.5833,150.8552,66.18,91,4.0,100,2022-10-21 12:44:12
43,henties bay,-22.116,14.2845,59.27,88,8.37,12,2022-10-21 12:44:13
44,saldanha,-33.0117,17.9442,66.25,73,29.53,33,2022-10-21 12:44:13
45,olga,43.7444,135.2892,48.69,78,4.79,3,2022-10-21 12:44:13
46,mecca,21.4267,39.8261,84.38,52,3.42,0,2022-10-21 12:41:06
47,rikitea,-23.1203,-134.9692,71.08,73,23.51,3,2022-10-21 12:44:14
48,andradas,-22.0681,-46.5692,74.19,66,15.14,100,2022-10-21 12:44:14
49,padang,-0.9492,100.3543,77.58,87,2.98,100,2022-10-21 12:44:15
50,taoudenni,22.6783,-3.9836,94.23,10,10.47,66,2022-10-21 12:44:15
51,dunmore east,52.1514,-6.9861,60.01,82,17.27,75,2022-10-21 12:44:16
52,hermanus,-34.4187,19.2345,64.8,69,11.41,7,2022-10-21 12:44:16
53,longyearbyen,78.2186,15.6401,22.84,74,12.66,20,2022-10-21 12:44:16
54,cidreira,-30.1811,-50.2056,71.98,77,12.55,37,2022-10-21 12:44:17
55,collie,-33.3667,116.15,52.65,83,6.26,100,2022-10-21 12:44:17
56,chokurdakh,70.6333,147.9167,11.34,94,12.66,100,2022-10-21 12:44:17
57,busselton,-33.65,115.3333,54.09,79,7.78,69,2022-10-21 12:44:18
58,wuda,39.4994,106.7117,47.1,26,4.7,1,2022-10-21 12:44:18
59,tasiilaq,65.6145,-37.6368,32.16,98,4.74,100,2022-10-21 12:44:18
60,pudozh,61.8099,36.5345,30.6,75,1.07,3,2022-10-21 12:44:19
61,bilibino,68.0546,166.4372,10.27,97,2.55,100,2022-10-21 12:44:19
62,auki,-8.7676,160.7034,77.13,88,3.22,89,2022-10-21 12:44:19
63,codrington,-38.2667,141.9667,59.14,99,5.01,100,2022-10-21 12:44:20
64,sorland,67.667,12.6934,42.66,69,14.47,100,2022-10-21 12:44:20
65,turbat,26.0023,63.044,79.07,61,2.71,0,2022-10-21 12:44:21
66,rahden,52.4333,8.6167,61.05,86,9.22,98,2022-10-21 12:44:21
67,mahanoro,-19.9,48.8,69.1,81,1.54,18,2022-10-21 12:44:21
68,souillac,-20.5167,57.5167,73.78,83,8.05,40,2022-10-21 12:44:22
69,richards bay,-28.783,32.0377,73.29,85,8.19,77,2022-10-21 12:43:19
70,yellowknife,62.456,-114.3525,30.72,86,6.91,100,2022-10-21 12:42:35
71,mossendjo,-2.9506,12.7261,72.32,94,2.1,99,2022-10-21 12:44:22
72,columbia,34.0007,-81.0348,66.51,30,3.44,0,2022-10-21 12:41:05
73,mataura,-46.1927,168.8643,32.68,98,2.06,5,2022-10-21 12:44:23
74,puerto ayora,-0.7393,-90.3518,73.36,90,8.01,93,2022-10-21 12:44:23
75,miri,4.4148,114.0089,80.74,89,2.3,40,2022-10-21 12:44:23
76,saint george,37.1041,-113.5841,57.79,33,3.44,0,2022-10-21 12:44:24
77,altay,47.8667,88.1167,39.51,57,6.2,24,2022-10-21 12:44:24
78,ndioum,16.5129,-14.6471,102.09,15,5.73,1,2022-10-21 12:44:25
79,nikolskoye,59.7035,30.7861,42.69,93,3.09,100,2022-10-21 12:44:25
80,kapaa,22.0752,-159.319,78.78,88,9.22,40,2022-10-21 12:44:25
81,ullapool,57.8987,-5.1604,55.35,97,4.38,100,2022-10-21 12:44:26
82,kupino,54.3663,77.2981,51.53,52,16.64,100,2022-10-21 12:44:26
83,khatanga,71.9667,102.5,3.94,95,2.59,68,2022-10-21 12:44:26
84,mar del plata,-38.0023,-57.5575,56.88,82,18.41,100,2022-10-21 12:44:27
85,port hedland,-20.3167,118.5667,77.05,73,10.36,0,2022-10-21 12:44:27
86,sur,22.5667,59.5289,80.49,52,3.74,0,2022-10-21 12:44:27
87,gornozavodsk,58.3758,58.3211,27.36,81,6.98,46,2022-10-21 12:44:28
88,ostrovnoy,68.0531,39.5131,32.9,71,12.44,100,2022-10-21 12:44:28
89,zhanakorgan,43.9098,67.2495,60.01,23,13.18,61,2022-10-21 12:44:29
90,isangel,-19.55,169.2667,73.08,80,13.6,92,2022-10-21 12:44:29
91,dinghai,26.2847,119.7936,72.52,74,13.44,97,2022-10-21 12:44:29
92,saint-pierre,-21.3393,55.4781,71.91,73,4.61,20,2022-10-21 12:44:30
93,acapulco,16.8634,-99.8901,76.82,94,3.44,100,2022-10-21 12:42:23
94,meulaboh,4.1363,96.1285,75.0,88,2.95,100,2022-10-21 12:41:44
95,vestmannaeyjar,63.4427,-20.2734,45.59,76,5.75,75,2022-10-21 12:44:30
96,matara,5.9485,80.5353,76.6,89,9.37,100,2022-10-21 12:44:31
97,rentina,40.6574,23.614,61.97,77,4.0,22,2022-10-21 12:44:31
98,atuona,-9.8,-139.0333,76.53,67,17.47,97,2022-10-21 12:44:31
99,yumen,40.2833,97.2,43.63,38,2.8,0,2022-10-21 12:44:32
100,koungheul,13.9833,-14.8,94.21,41,3.36,5,2022-10-21 12:44:32
101,shimoda,34.6667,138.95,64.11,73,12.3,94,2022-10-21 12:44:33
102,namibe,-15.1961,12.1522,68.41,77,8.28,22,2022-10-21 12:44:33
103,yulara,-25.2406,130.9889,74.43,21,4.76,51,2022-10-21 12:44:33
104,hilo,19.7297,-155.09,79.29,80,4.61,0,2022-10-21 12:40:51
105,talara,-4.5772,-81.2719,72.36,64,14.97,0,2022-10-21 12:44:34
106,uruguaiana,-29.7547,-57.0883,75.13,60,19.57,75,2022-10-21 12:44:34
107,ozernovskiy,51.5,156.5167,41.5,68,21.59,96,2022-10-21 12:44:34
108,narsaq,60.9167,-46.05,34.02,98,8.86,100,2022-10-21 12:44:35
109,vaini,-21.2,-175.2,71.76,94,12.66,75,2022-10-21 12:44:02
110,tingi,-11.3,35.0333,75.52,36,9.24,48,2022-10-21 12:44:35
111,ancud,-41.8697,-73.8203,54.23,55,8.34,2,2022-10-21 12:44:36
112,moron,-34.6534,-58.6198,76.8,73,8.55,0,2022-10-21 12:44:36
113,alofi,-19.0595,-169.9187,69.69,100,2.3,60,2022-10-21 12:44:36
114,saint-philippe,-21.3585,55.7679,71.19,84,11.43,48,2022-10-21 12:44:37
115,vaasa,63.096,21.6158,42.3,100,1.14,40,2022-10-21 12:44:37
116,bluff,-46.6,168.3333,41.65,82,8.08,9,2022-10-21 12:44:37
117,digboi,27.3833,95.6333,66.29,88,1.72,0,2022-10-21 12:44:37
118,milkovo,54.7167,158.6167,28.33,74,3.53,71,2022-10-21 12:44:38
119,bengkulu,-3.8004,102.2655,75.97,91,4.03,100,2022-10-21 12:44:38
120,aykhal,66.0,111.5,23.74,91,16.75,100,2022-10-21 12:44:38
121,kagoro,9.6,8.3833,73.49,70,2.82,100,2022-10-21 12:44:39
122,porto torres,40.835,8.3972,75.38,69,3.49,97,2022-10-21 12:44:39
123,general pico,-35.6566,-63.7568,77.76,21,9.17,100,2022-10-21 12:44:39
124,vostok,46.4856,135.8833,41.56,96,3.02,99,2022-10-21 12:44:40
125,la ronge,55.1001,-105.2842,41.25,60,13.8,40,2022-10-21 12:44:40
126,cabo san lucas,22.8909,-109.9124,86.61,75,1.01,27,2022-10-21 12:44:40
127,bolobo,-2.1667,16.2333,74.68,90,3.27,73,2022-10-21 12:44:41
128,kodino,63.7198,39.6447,30.09,92,5.06,12,2022-10-21 12:44:41
129,asau,46.4333,26.4,40.28,56,4.14,5,2022-10-21 12:44:41
130,butaritari,3.0707,172.7902,81.01,73,12.44,75,2022-10-21 12:44:42
131,port moresby,-9.4431,147.1797,76.42,94,3.44,40,2022-10-21 12:44:42
132,borcea,44.3333,27.75,52.25,47,5.01,0,2022-10-21 12:44:42
133,hithadhoo,-0.6,73.0833,81.73,77,8.95,100,2022-10-21 12:44:43
134,batemans bay,-35.7167,150.1833,64.09,98,3.74,97,2022-10-21 12:44:43
135,victoria,22.2855,114.1577,77.38,78,5.99,100,2022-10-21 12:42:09
136,olinda,-8.0089,-34.8553,82.13,65,9.22,75,2022-10-21 12:44:01
137,labuhan,-6.8844,112.2051,79.32,84,7.78,100,2022-10-21 12:44:44
138,ribeira grande,38.5167,-28.7,68.4,60,20.71,75,2022-10-21 12:44:44
139,port elizabeth,-33.918,25.5701,64.69,97,7.0,100,2022-10-21 12:44:44
140,acarau,-2.8856,-40.12,87.37,56,21.0,87,2022-10-21 12:44:45
141,merauke,-8.4667,140.3333,80.62,79,3.0,42,2022-10-21 12:44:45
142,kodiak,57.79,-152.4072,45.91,53,13.8,0,2022-10-21 12:44:45
143,ahipara,-35.1667,173.1667,50.68,91,5.5,6,2022-10-21 12:44:46
144,zabol,32.25,67.25,56.39,15,10.16,35,2022-10-21 12:44:46
145,chicama,-7.8447,-79.1469,59.54,59,9.89,86,2022-10-21 12:44:46
146,te anau,-45.4167,167.7167,34.39,94,0.56,32,2022-10-21 12:44:47
147,itaberaba,-12.5275,-40.3069,91.76,32,12.68,51,2022-10-21 12:44:47
148,nanortalik,60.1432,-45.2371,39.11,92,16.91,100,2022-10-21 12:44:48
149,westport,41.1415,-73.3579,64.81,43,3.44,0,2022-10-21 12:44:00
150,goderich,43.7501,-81.7165,55.9,54,16.11,69,2022-10-21 12:44:48
151,port lincoln,-34.7333,135.8667,57.18,85,3.38,76,2022-10-21 12:44:48
152,moche,-8.1711,-79.0092,60.98,82,12.66,100,2022-10-21 12:44:49
153,port-gentil,-0.7193,8.7815,79.03,81,10.29,33,2022-10-21 12:44:49
154,puerto escondido,15.85,-97.0667,83.62,62,2.82,45,2022-10-21 12:44:49
155,chuy,-33.6971,-53.4616,65.16,78,9.57,100,2022-10-21 12:44:32
156,blagoyevo,63.3667,47.9167,33.82,80,12.57,99,2022-10-21 12:44:50
157,kamaishi,39.2667,141.8833,56.12,78,7.07,47,2022-10-21 12:44:50
158,piquete,-22.6136,-45.1761,74.08,73,5.19,100,2022-10-21 12:44:50
159,lebu,-37.6167,-73.65,53.53,60,18.97,0,2022-10-21 12:44:51
160,kahului,20.8947,-156.47,76.84,68,4.61,0,2022-10-21 12:44:51
161,tucano,-10.9631,-38.7867,94.62,27,12.57,81,2022-10-21 12:44:51
162,aklavik,68.2191,-135.0107,21.2,93,3.44,100,2022-10-21 12:44:23
163,bambous virieux,-20.3428,57.7575,73.65,83,8.05,40,2022-10-21 12:44:52
164,saint-joseph,-21.3667,55.6167,70.18,83,10.45,38,2022-10-21 12:44:52
165,miami,25.7743,-80.1937,82.02,67,8.05,75,2022-10-21 12:43:56
166,touros,-5.1989,-35.4608,84.11,58,18.16,79,2022-10-21 12:40:49
167,pangnirtung,66.1451,-65.7125,32.0,86,5.75,100,2022-10-21 12:44:53
168,neuquen,-38.9516,-68.0591,51.33,59,7.81,100,2022-10-21 12:44:53
169,torquay,50.4638,-3.5143,60.37,97,15.01,97,2022-10-21 12:44:53
170,mandalgovi,45.7625,106.2708,33.66,48,10.0,3,2022-10-21 12:44:54
171,bartica,6.4,-58.6167,84.52,48,3.76,76,2022-10-21 12:44:54
172,stromness,58.965,-3.296,53.87,92,8.99,100,2022-10-21 12:44:54
173,haines junction,60.7522,-137.5108,26.55,93,2.3,100,2022-10-21 12:44:19
174,kruisfontein,-34.0033,24.7314,60.89,80,10.38,100,2022-10-21 12:44:55
175,lompoc,34.6391,-120.4579,56.12,100,5.75,100,2022-10-21 12:44:55
176,agirish,61.9247,63.0231,30.09,87,11.07,99,2022-10-21 12:44:56
177,severo-kurilsk,50.6789,156.125,40.17,78,15.41,51,2022-10-21 12:44:56
178,olafsvik,64.8945,-23.7142,39.54,73,7.72,100,2022-10-21 12:44:56
179,odweyne,9.4092,45.064,78.94,51,10.42,93,2022-10-21 12:44:56
180,palu,-0.8917,119.8707,76.01,97,2.13,98,2022-10-21 12:44:57
181,boca raton,26.3587,-80.0831,82.42,68,14.97,40,2022-10-21 12:44:57
182,kyshtovka,56.555,76.6271,45.03,89,8.79,100,2022-10-21 12:44:57
183,imperia,43.9667,7.7833,62.94,95,2.73,100,2022-10-21 12:44:58
184,batagay-alyta,67.8006,130.4114,5.27,90,3.18,97,2022-10-21 12:44:58
185,castro,-24.7911,-50.0119,64.0,93,10.67,99,2022-10-21 12:44:19
186,saskylakh,71.9167,114.0833,6.49,98,4.63,66,2022-10-21 12:44:59
187,rock sound,24.9,-76.2,80.2,73,11.65,88,2022-10-21 12:44:59
188,svetlyy,54.675,20.1347,46.45,52,10.76,100,2022-10-21 12:44:59
189,leningradskiy,69.3833,178.4167,26.69,98,2.73,100,2022-10-21 12:45:00
190,nantucket,41.2835,-70.0995,64.54,58,6.91,0,2022-10-21 12:45:00
191,mrakovo,52.7161,56.6244,40.82,77,4.85,97,2022-10-21 12:45:00
192,champerico,14.3,-91.9167,82.33,73,0.85,48,2022-10-21 12:45:01
193,launceston,-41.45,147.1667,64.04,88,8.05,100,2022-10-21 12:45:01
194,lavrentiya,65.5833,-171.0,34.39,94,6.76,100,2022-10-21 12:45:01
195,puerto del rosario,28.5004,-13.8627,76.75,73,12.66,0,2022-10-21 12:45:02
196,kampene,-3.6,26.6667,69.17,98,2.84,100,2022-10-21 12:45:02
197,broken hill,-31.95,141.4333,63.93,81,7.47,32,2022-10-21 12:45:02
198,homer,59.6425,-151.5483,44.8,70,23.0,0,2022-10-21 12:45:03
199,bandarbeyla,9.4942,50.8122,78.37,85,11.81,15,2022-10-21 12:45:03
200,avarua,-21.2078,-159.775,75.25,88,14.97,100,2022-10-21 12:45:04
201,sao felix do xingu,-6.6447,-51.995,102.65,25,3.87,73,2022-10-21 12:44:40
202,iralaya,15.0,-83.2333,85.01,64,5.88,74,2022-10-21 12:45:04
203,kavieng,-2.5744,150.7967,81.46,72,5.08,81,2022-10-21 12:44:50
204,tual,-5.6667,132.75,83.16,72,4.99,75,2022-10-21 12:45:05
205,vila velha,-20.3297,-40.2925,82.35,76,18.01,75,2022-10-21 12:40:41
206,ponta do sol,32.6667,-17.1,77.0,90,4.16,99,2022-10-21 12:45:05
207,kalemie,-5.9475,29.1947,76.01,66,0.98,82,2022-10-21 12:45:06
208,tiksi,71.6872,128.8694,4.91,97,6.71,44,2022-10-21 12:45:06
209,fairbanks,64.8378,-147.7164,34.61,94,6.91,100,2022-10-21 12:42:49
210,guerrero negro,27.9769,-114.0611,72.64,71,2.68,22,2022-10-21 12:45:08
211,sao joao da barra,-21.6403,-41.0511,86.09,76,23.26,57,2022-10-21 12:45:08
212,lazaro cardenas,17.9583,-102.2,77.86,86,6.49,100,2022-10-21 12:45:08
213,port alfred,-33.5906,26.891,69.19,88,10.83,99,2022-10-21 12:45:09
214,kununurra,-15.7667,128.7333,89.08,42,7.18,29,2022-10-21 12:45:09
215,okhotsk,59.3833,143.3,24.91,62,14.2,99,2022-10-21 12:45:10
216,port maria,18.3685,-76.8895,89.56,84,5.59,49,2022-10-21 12:45:10
217,upernavik,72.7868,-56.1549,16.86,73,6.51,99,2022-10-21 12:45:10
218,onega,63.9061,38.1404,34.38,83,7.7,30,2022-10-21 12:45:11
219,qaanaaq,77.484,-69.3632,-1.61,58,9.6,0,2022-10-21 12:45:11
220,alta floresta,-9.8756,-56.0861,91.22,58,8.05,40,2022-10-21 12:41:15
221,arraial do cabo,-22.9661,-42.0278,89.56,61,24.16,20,2022-10-21 12:45:12
222,nizhniy odes,63.6445,54.856,31.28,93,12.39,100,2022-10-21 12:45:12
223,tuktoyaktuk,69.4541,-133.0374,21.2,86,9.22,75,2022-10-21 12:45:12
224,immokalee,26.4187,-81.4173,75.94,60,12.24,8,2022-10-21 12:45:12
225,medicine hat,50.0501,-110.6683,46.72,67,11.5,100,2022-10-21 12:45:13
226,uyuni,-20.4597,-66.825,55.27,7,15.82,3,2022-10-21 12:45:13
227,hamilton,39.1834,-84.5333,66.61,37,12.66,75,2022-10-21 12:40:34
228,abu samrah,35.3029,37.1841,69.46,58,7.23,26,2022-10-21 12:45:14
229,biak,-0.9131,122.8766,77.02,85,1.16,61,2022-10-21 12:45:14
230,grojec,51.8625,20.8676,49.39,63,7.78,94,2022-10-21 12:45:14
231,gat,31.61,34.7642,74.39,100,9.42,2,2022-10-21 12:45:15
232,baruun-urt,46.6806,113.2792,30.34,74,7.99,45,2022-10-21 12:45:15
233,brigantine,39.4101,-74.3646,67.08,45,4.0,0,2022-10-21 12:41:25
234,rio grande,-32.035,-52.0986,66.31,93,17.74,100,2022-10-21 12:44:53
235,wanning,18.8003,110.3967,76.19,92,9.08,99,2022-10-21 12:45:16
236,solnechnyy,50.7214,136.6319,32.22,65,4.12,100,2022-10-21 12:45:16
237,waddan,29.1614,16.139,74.37,44,9.89,49,2022-10-21 12:45:16
238,rivas,11.4372,-85.8263,84.42,84,0.0,40,2022-10-21 12:45:17
239,ephrata,40.1798,-76.1788,63.1,39,1.99,0,2022-10-21 12:45:17
240,novosergiyevka,52.0934,53.6528,45.66,63,11.5,100,2022-10-21 12:45:18
241,carutapera,-1.195,-46.02,84.6,65,8.99,99,2022-10-21 12:45:18
242,mayo,38.8876,-76.5119,66.34,39,4.61,0,2022-10-21 12:45:18
243,fukue,32.6881,128.8419,70.95,71,9.26,100,2022-10-21 12:45:19
244,mehamn,71.0357,27.8492,31.95,74,11.5,40,2022-10-21 12:45:19
245,urumqi,43.801,87.6005,45.55,61,2.24,0,2022-10-21 12:45:20
246,fortuna,40.5982,-124.1573,50.92,100,0.0,100,2022-10-21 12:45:21
247,tuatapere,-46.1333,167.6833,36.72,90,3.76,4,2022-10-21 12:45:21
248,berlevag,70.8578,29.0864,32.0,74,13.8,0,2022-10-21 12:45:22
249,iqaluit,63.7506,-68.5145,37.13,86,20.71,75,2022-10-21 12:45:22
250,zhangye,38.9342,100.4517,46.38,34,2.75,15,2022-10-21 12:45:22
251,zhezkazgan,47.8043,67.7144,51.71,35,9.15,0,2022-10-21 12:45:23
252,ozu,33.5,132.55,66.18,79,4.18,99,2022-10-21 12:45:23
253,poum,-20.2333,164.0167,76.24,74,21.68,100,2022-10-21 12:45:23
254,bronnoysund,65.4625,12.1997,41.0,87,2.3,0,2022-10-21 12:45:24
255,araripina,-7.5761,-40.4983,93.42,23,8.75,33,2022-10-21 12:45:24
256,dingle,10.9995,122.6711,76.64,88,5.41,93,2022-10-21 12:45:24
257,novokuznetsk,53.7557,87.1099,45.19,93,9.06,100,2022-10-21 12:45:25
258,calama,-22.4667,-68.9333,70.29,6,14.97,0,2022-10-21 12:45:25
259,ratnagiri,16.9833,73.3,80.47,83,2.75,45,2022-10-21 12:45:26
260,korla,41.7597,86.1469,52.38,30,4.88,0,2022-10-21 12:45:26
261,provideniya,64.3833,-173.3,34.09,95,8.77,97,2022-10-21 12:45:27
262,poso,-1.3959,120.7524,76.95,88,3.76,100,2022-10-21 12:45:27
263,pacific grove,36.6177,-121.9166,55.65,90,3.44,40,2022-10-21 12:45:27
264,tomatlan,19.9333,-105.25,86.02,66,1.39,98,2022-10-21 12:45:28
265,samarai,-10.6167,150.6667,80.76,78,2.15,80,2022-10-21 12:45:14
266,latung,5.5,120.8833,82.31,77,4.52,100,2022-10-21 12:45:28
267,taungdwingyi,20.0167,95.55,75.54,81,2.68,6,2022-10-21 12:45:28
268,los llanos de aridane,28.6585,-17.9182,71.35,87,6.91,75,2022-10-21 12:40:31
269,luderitz,-26.6481,15.1594,66.04,68,27.69,3,2022-10-21 12:45:29
270,pirassununga,-21.9961,-47.4258,76.66,69,16.11,75,2022-10-21 12:45:29
271,sedona,34.8697,-111.761,68.63,47,0.0,98,2022-10-21 12:45:29
272,harnosand,62.6323,17.9379,37.4,82,2.95,5,2022-10-21 12:45:30
273,jeremie,18.65,-74.1167,85.73,63,4.79,54,2022-10-21 12:45:30
274,vila franca do campo,37.7167,-25.4333,68.41,69,17.0,67,2022-10-21 12:45:31
275,geraldton,-28.7667,114.6,61.63,84,9.33,5,2022-10-21 12:45:31
276,boma,7.0805,-2.1697,82.02,68,2.13,70,2022-10-21 12:45:31
277,riyadh,24.6877,46.7219,84.34,12,9.01,0,2022-10-21 12:42:36
278,moundou,8.5667,16.0833,76.33,83,4.12,58,2022-10-21 12:45:32
279,tabou,4.423,-7.3528,79.34,81,5.97,89,2022-10-21 12:45:32
280,faya,18.3851,42.4509,66.31,50,1.59,2,2022-10-21 12:45:33
281,mahebourg,-20.4081,57.7,73.69,83,8.05,40,2022-10-21 12:45:33
282,nemuro,43.3236,145.575,59.45,81,21.72,87,2022-10-21 12:45:33
283,harrison,30.4091,-89.0436,74.05,48,8.05,0,2022-10-21 12:45:33
284,taltal,-25.4,-70.4833,62.87,63,5.23,16,2022-10-21 12:45:34
285,ranau,5.9538,116.6641,70.3,97,0.81,78,2022-10-21 12:45:34
286,san ramon,37.7799,-121.978,62.33,83,3.44,0,2022-10-21 12:45:34
287,dikson,73.5069,80.5464,31.95,92,11.34,100,2022-10-21 12:45:35
288,maniitsoq,65.4167,-52.9,37.08,94,34.4,100,2022-10-21 12:45:35
289,kindia,10.0569,-12.8658,82.58,71,3.42,6,2022-10-21 12:45:35
290,tessalit,20.1986,1.0114,90.95,11,7.72,93,2022-10-21 12:45:36
291,cayambe,0.05,-78.1333,59.86,74,3.58,95,2022-10-21 12:45:36
292,chifeng,42.2683,118.9636,43.92,52,4.12,59,2022-10-21 12:45:36
293,lingao,19.9103,109.6859,74.35,84,7.65,49,2022-10-21 12:45:37
294,harpanahalli,14.8,75.9833,72.46,84,7.56,99,2022-10-21 12:45:37
295,kasongo,-4.45,26.6667,70.57,93,4.41,100,2022-10-21 12:45:37
296,luang prabang,19.8856,102.1347,70.27,91,2.24,41,2022-10-21 12:45:38
297,deputatskiy,69.3,139.9,-6.32,97,6.67,38,2022-10-21 12:45:38
298,nocupetaro,19.05,-101.15,78.98,63,3.85,99,2022-10-21 12:45:38
299,sao lourenco do sul,-31.3653,-51.9783,62.01,92,20.69,100,2022-10-21 12:45:39
300,bethel,41.3712,-73.414,62.55,39,1.99,0,2022-10-21 12:44:36
301,kalaleh,37.3807,55.4916,73.0,68,9.22,100,2022-10-21 12:45:39
302,helong,42.5397,128.9972,52.16,70,5.68,92,2022-10-21 12:45:40
303,maura,60.25,11.0167,39.51,91,6.91,100,2022-10-21 12:45:40
304,port blair,11.6667,92.75,78.84,89,2.3,75,2022-10-21 12:45:40
305,dryden,49.7833,-92.7503,48.49,76,12.66,0,2022-10-21 12:45:22
306,kosovo polje,42.6394,21.0961,53.78,65,5.75,0,2022-10-21 12:45:41
307,filadelfia,39.9523,-75.1638,66.02,36,4.61,0,2022-10-21 12:42:48
308,ramona,33.0417,-116.8681,80.4,45,1.99,0,2022-10-21 12:45:41
309,severnyy,50.677,36.5532,37.44,75,6.71,75,2022-10-21 12:45:41
310,suez,29.9737,32.5263,73.99,62,9.13,85,2022-10-21 12:45:42
311,inhambane,-23.865,35.3833,78.78,69,7.0,20,2022-10-21 12:45:42
312,buala,-8.145,159.5921,79.59,84,5.46,99,2022-10-21 12:45:42
313,zeya,53.75,127.2667,28.96,71,3.96,100,2022-10-21 12:45:43
314,ruidoso,33.3317,-105.673,62.11,38,13.8,0,2022-10-21 12:45:43
315,kjollefjord,70.9457,27.3465,35.65,74,11.5,40,2022-10-21 12:45:44
316,mayachnyy,52.6839,55.685,39.99,67,8.34,92,2022-10-21 12:45:44
317,norilsk,69.3535,88.2027,34.43,97,13.24,100,2022-10-21 12:45:44
318,darab,28.7519,54.5444,71.62,18,3.38,0,2022-10-21 12:45:45
319,guasdualito,7.2424,-70.7324,87.8,70,6.91,20,2022-10-21 12:45:45
320,awbari,26.5921,12.7805,72.41,32,7.65,6,2022-10-21 12:45:45
321,plettenberg bay,-34.0527,23.3716,63.36,78,5.21,95,2022-10-21 12:45:46
322,kemijarvi,66.7131,27.4306,30.04,64,4.5,100,2022-10-21 12:45:46
323,uthal,25.8072,66.6219,82.69,55,4.56,0,2022-10-21 12:42:01
324,noumea,-22.2763,166.4572,69.78,75,12.5,99,2022-10-21 12:45:46
325,flin flon,54.7682,-101.865,42.64,56,14.97,20,2022-10-21 12:45:25
326,derzhavinsk,51.1,66.3167,52.79,39,10.67,98,2022-10-21 12:45:47
327,airai,-8.9266,125.4092,62.65,91,0.81,66,2022-10-21 12:45:47
328,clyde river,70.4692,-68.5914,28.63,86,13.8,100,2022-10-21 12:45:47
329,simao,22.7886,100.9748,64.58,83,2.33,96,2022-10-21 12:45:48
330,biltine,14.5333,20.9167,91.22,20,2.53,98,2022-10-21 12:45:48
331,kolaras,25.2333,77.6,70.29,49,3.2,0,2022-10-21 12:45:48
332,sakakah,29.9697,40.2064,85.57,22,15.88,45,2022-10-21 12:45:49
333,arman,59.7,150.1667,12.02,64,10.11,82,2022-10-21 12:45:49
334,esil,51.9556,66.4042,51.8,43,7.85,100,2022-10-21 12:45:49
335,baker city,44.7749,-117.8344,53.58,61,5.75,0,2022-10-21 12:45:50
336,ihosy,-22.4,46.1167,68.05,71,11.16,63,2022-10-21 12:45:50
337,surt,31.2089,16.5887,73.26,65,11.97,5,2022-10-21 12:45:50
338,san quintin,30.4833,-115.95,71.06,68,3.71,34,2022-10-21 12:45:51
339,kaitangata,-46.2817,169.8464,35.82,90,5.41,6,2022-10-21 12:45:51
340,beloha,-25.1667,45.05,74.71,67,4.34,9,2022-10-21 12:45:51
341,koshurnikovo,54.1667,93.3,34.52,99,2.28,100,2022-10-21 12:45:52
342,kikwit,-5.041,18.8162,75.07,82,1.3,99,2022-10-21 12:45:52
343,byron bay,-28.65,153.6167,65.71,87,12.88,100,2022-10-21 12:43:52
344,sisimiut,66.9395,-53.6735,38.79,90,18.54,100,2022-10-21 12:45:52
345,ambilobe,-13.2,49.05,72.77,73,2.71,47,2022-10-21 12:45:53
346,honiara,-9.4333,159.95,78.06,87,0.94,71,2022-10-21 12:45:53
347,lagoa,39.05,-27.9833,65.79,75,27.96,99,2022-10-21 12:45:53
348,rocha,-34.4833,-54.3333,67.66,72,11.25,100,2022-10-21 12:45:54
349,thompson,55.7435,-97.8558,39.36,65,12.66,75,2022-10-21 12:45:54
350,north bend,43.4065,-124.2243,57.92,98,4.61,100,2022-10-21 12:45:21
351,jodar,37.8406,-3.3526,68.45,83,6.08,98,2022-10-21 12:45:54
352,dubai,25.2582,55.3047,87.73,66,8.05,0,2022-10-21 12:41:20
353,hualmay,-11.0964,-77.6139,66.49,67,9.69,71,2022-10-21 12:45:55
354,wrexham,53.0,-3.0,60.39,87,10.36,40,2022-10-21 12:45:55
355,cherskiy,68.75,161.3,4.24,95,7.61,100,2022-10-21 12:45:56
356,port augusta,-32.5,137.7667,61.36,88,6.04,16,2022-10-21 12:45:56
357,nome,64.5011,-165.4064,35.67,87,8.05,75,2022-10-21 12:45:56
358,turayf,31.6725,38.6637,71.85,53,11.5,75,2022-10-21 12:45:56
359,minab,27.1467,57.0801,82.72,61,0.0,0,2022-10-21 12:45:57
360,san carlos de bariloche,-41.1456,-71.3082,51.55,24,4.61,20,2022-10-21 12:45:07
361,beyneu,45.3167,55.2,55.53,63,22.95,81,2022-10-21 12:45:57
362,tautira,-17.7333,-149.15,76.95,81,16.64,43,2022-10-21 12:45:58
363,ballina,-28.8667,153.5667,65.79,99,12.88,100,2022-10-21 12:45:59
364,nalut,30.3333,10.85,72.66,31,7.18,0,2022-10-21 12:46:00
365,lasa,46.6166,10.7002,52.36,98,3.8,100,2022-10-21 12:45:30
366,dakar,14.6937,-17.4441,88.68,70,6.91,0,2022-10-21 12:41:46
367,umm lajj,25.0213,37.2685,81.63,67,6.53,0,2022-10-21 12:46:00
368,orlik,52.5178,99.825,25.92,90,3.36,94,2022-10-21 12:46:01
369,humaita,-7.5061,-63.0208,100.18,34,0.07,98,2022-10-21 12:46:01
370,maceio,-9.6658,-35.7353,85.44,51,14.97,75,2022-10-21 12:45:52
371,naze,28.3667,129.4833,76.12,85,15.32,98,2022-10-21 12:46:01
372,yara,20.2753,-76.9533,85.82,67,3.04,81,2022-10-21 12:46:02
373,swan hill,-35.3378,143.5544,61.29,91,3.94,80,2022-10-21 12:46:02
374,ilulissat,69.2167,-51.1,32.02,93,3.44,100,2022-10-21 12:46:02
375,rutul,41.5357,47.4239,43.84,98,3.94,100,2022-10-21 12:46:03
376,dongsheng,39.8161,109.9776,42.53,30,7.14,0,2022-10-21 12:46:03
377,oistins,13.0667,-59.5333,87.89,70,16.11,40,2022-10-21 12:46:04
378,yichang,30.7144,111.2847,64.94,45,3.2,11,2022-10-21 12:46:04
379,woodward,36.4337,-99.3904,74.97,29,13.8,0,2022-10-21 12:46:04
380,oriximina,-1.7656,-55.8661,97.45,37,4.09,99,2022-10-21 12:46:05
381,kendari,-3.945,122.4989,77.79,87,1.16,43,2022-10-21 12:46:05
382,yar-sale,66.8333,70.8333,29.44,95,10.78,86,2022-10-21 12:46:05
383,klyuchi,52.2667,79.1667,50.92,48,10.83,100,2022-10-21 12:46:06
384,pentecoste,-3.7928,-39.2703,99.27,25,8.75,65,2022-10-21 12:46:06
385,binga,-17.6203,27.3414,80.94,41,1.61,52,2022-10-21 12:46:06
386,ponta delgada,37.7333,-25.6667,68.72,60,21.85,40,2022-10-21 12:46:08
387,chara,56.9064,118.2631,23.97,89,1.32,100,2022-10-21 12:46:09
388,chute-aux-outardes,49.1168,-68.399,46.38,71,26.46,75,2022-10-21 12:46:09
389,ixtapa,20.7,-105.2,86.23,73,1.01,85,2022-10-21 12:46:09
390,yoshida,37.6833,138.8833,53.85,67,5.93,40,2022-10-21 12:46:10
391,powell,40.1578,-83.0752,65.25,37,16.11,0,2022-10-21 12:45:02
392,kushiro,42.975,144.3747,58.32,84,17.69,74,2022-10-21 12:46:10
393,qarchi gak,37.04,66.7889,67.57,20,10.07,77,2022-10-21 12:46:10
394,vilhena,-12.7406,-60.1458,80.82,74,9.22,75,2022-10-21 12:46:11
395,comodoro rivadavia,-45.8667,-67.5,62.46,17,13.8,0,2022-10-21 12:46:11
396,chichigalpa,12.5776,-87.027,87.51,66,0.0,40,2022-10-21 12:46:12
397,bratsk,56.1325,101.6142,34.29,97,6.73,100,2022-10-21 12:41:27
398,knittelfeld,47.2167,14.8167,62.8,59,9.22,75,2022-10-21 12:46:12
399,rohtak,28.9,76.5667,76.96,35,6.33,0,2022-10-21 12:46:12
400,pervomayskoye,43.919,46.7102,53.08,62,13.27,87,2022-10-21 12:46:13
401,port hardy,50.6996,-127.4199,46.58,100,4.61,100,2022-10-21 12:46:13
402,grindavik,63.8424,-22.4338,42.75,81,12.66,0,2022-10-21 12:46:13
403,tha chang,9.2642,99.1922,75.34,93,3.42,100,2022-10-21 12:46:14
404,namatanai,-3.6667,152.4333,79.0,81,2.37,76,2022-10-21 12:46:14
405,rorvik,64.8621,11.2373,44.58,87,4.61,0,2022-10-21 12:46:14
406,sept-iles,50.2001,-66.3821,48.72,75,14.97,40,2022-10-21 12:46:15
407,lichinga,-13.3128,35.2406,75.29,41,13.0,40,2022-10-21 12:46:15
408,san patricio,28.017,-97.5169,80.49,43,11.63,0,2022-10-21 12:46:15
409,san policarpo,12.1791,125.5072,81.91,80,6.91,96,2022-10-21 12:46:16
410,marsh harbour,26.5412,-77.0636,77.95,76,8.19,48,2022-10-21 12:46:16
411,bontang,0.1333,117.5,79.66,83,2.3,100,2022-10-21 12:46:17
412,sitka,57.0531,-135.33,44.49,81,3.44,75,2022-10-21 12:46:17
413,kinablangan,7.6947,126.5503,78.78,85,4.0,98,2022-10-21 12:46:17
414,pointe michel,15.25,-61.3833,92.34,55,2.3,20,2022-10-21 12:46:18
415,katobu,-4.9408,122.5276,76.87,90,3.18,93,2022-10-21 12:46:18
416,port macquarie,-31.4333,152.9167,65.89,88,14.65,99,2022-10-21 12:46:18
417,georgetown,5.4112,100.3354,80.53,96,6.91,40,2022-10-21 12:45:22
418,linxia,35.6003,103.2064,50.54,52,2.73,100,2022-10-21 12:46:19
419,gashua,12.871,11.0482,90.63,16,7.2,72,2022-10-21 12:46:19
420,lincoln,40.8,-96.667,75.15,66,3.44,0,2022-10-21 12:41:21
421,bilma,18.6853,12.9164,82.81,15,8.59,1,2022-10-21 12:45:51
422,uray,60.1247,64.7758,29.98,70,10.33,32,2022-10-21 12:46:20
423,trogir,43.5125,16.2517,68.05,52,2.3,0,2022-10-21 12:46:20
424,ceccano,41.5677,13.3333,68.09,68,4.61,0,2022-10-21 12:46:20
425,kloulklubed,7.0419,134.2556,75.7,80,12.77,98,2022-10-21 12:46:21
426,chipinge,-20.1883,32.6236,72.05,51,12.28,41,2022-10-21 12:46:21
427,hasaki,35.7333,140.8333,63.0,68,16.69,78,2022-10-21 12:46:21
428,palmer,42.1584,-72.3287,62.51,36,1.01,0,2022-10-21 12:46:22
429,sahuaripa,29.05,-109.2333,82.72,37,1.01,4,2022-10-21 12:46:22
430,watsa,3.0372,29.5355,66.54,97,1.45,100,2022-10-21 12:46:22
431,mana,5.6592,-53.7767,84.97,70,9.35,48,2022-10-21 12:46:23
432,bibiani,6.4635,-2.3194,80.02,77,3.87,100,2022-10-21 12:46:23
433,beaver dam,43.4578,-88.8373,67.21,41,16.11,0,2022-10-21 12:43:51
434,bayeux,-7.125,-34.9322,84.83,58,12.66,75,2022-10-21 12:46:24
435,mumbwa,-14.9783,27.0619,79.45,32,8.1,81,2022-10-21 12:46:24
436,njinikom,6.2333,10.2833,64.09,92,1.81,100,2022-10-21 12:46:24
437,sokolo,14.7328,-6.1219,98.26,13,8.03,59,2022-10-21 12:46:25
438,azanka,58.0401,64.7893,33.4,77,6.67,87,2022-10-21 12:46:25
439,tongzi,28.7829,105.0877,72.07,49,0.36,57,2022-10-21 12:46:25
440,halapitan,7.9175,125.33,70.95,97,1.83,100,2022-10-21 12:46:26
441,kudahuvadhoo,2.6708,72.8944,81.95,72,13.13,79,2022-10-21 12:46:26
442,sioux lookout,50.1001,-91.917,50.07,76,11.5,75,2022-10-21 12:46:26
443,houma,29.5958,-90.7195,78.03,62,6.91,0,2022-10-21 12:46:27
444,klaksvik,62.2266,-6.589,45.52,74,17.31,100,2022-10-21 12:45:28
445,birjand,32.8663,59.2211,63.07,13,0.0,0,2022-10-21 12:46:27
446,ariquemes,-9.9133,-63.0408,93.29,43,5.32,90,2022-10-21 12:46:28
447,wakefield,53.6809,-1.499,59.77,94,8.41,97,2022-10-21 12:41:48
448,sakata,38.9167,139.855,59.34,75,8.34,57,2022-10-21 12:46:28
449,marienburg,54.0359,19.0266,47.84,62,6.26,100,2022-10-21 12:46:28
450,igarka,67.4667,86.5833,33.93,98,18.7,100,2022-10-21 12:46:29
451,kozhevnikovo,56.2589,83.9714,41.25,94,8.25,100,2022-10-21 12:46:29
452,quatre cocos,-20.2078,57.7625,73.51,82,11.05,20,2022-10-21 12:46:32
453,mackay,-21.15,149.2,64.69,86,5.61,85,2022-10-21 12:45:24
454,sabalgarh,26.25,77.4,75.24,46,6.15,0,2022-10-21 12:46:33
455,belmonte,-15.8631,-38.8828,80.56,64,9.86,93,2022-10-21 12:46:33
456,mayor pablo lagerenza,-19.9309,-60.7718,88.36,30,5.73,76,2022-10-21 12:46:35
457,xiashi,30.5363,120.6864,66.22,92,2.13,24,2022-10-21 12:46:35
458,pinega,64.7001,43.3936,32.0,78,10.25,33,2022-10-21 12:46:35
459,amapa,1.0,-52.0,97.32,32,5.08,96,2022-10-21 12:46:36
460,salalah,17.0151,54.0924,80.69,69,3.44,20,2022-10-21 12:46:37
461,salta,-24.7859,-65.4117,81.57,35,9.22,20,2022-10-21 12:46:37
462,bonthe,7.5264,-12.505,81.34,76,5.86,58,2022-10-21 12:46:38
463,zalantun,48.0,122.7167,32.95,90,4.59,99,2022-10-21 12:46:38
464,tura,25.5198,90.2201,68.54,81,4.74,0,2022-10-21 12:46:38
465,mount darwin,-16.7725,31.5838,74.68,42,6.42,25,2022-10-21 12:46:39
466,araouane,18.9048,-3.5265,94.51,12,5.93,98,2022-10-21 12:46:39
467,chapais,49.7834,-74.8492,42.58,67,15.03,99,2022-10-21 12:46:39
468,blenheim,-41.516,173.9528,44.53,87,3.96,14,2022-10-21 12:46:40
469,sabancuy,18.9667,-91.1833,78.94,63,6.2,87,2022-10-21 12:46:40
470,jaguey grande,22.5269,-81.1286,78.87,62,8.08,69,2022-10-21 12:46:40
471,shingu,33.7333,135.9833,62.13,80,6.31,94,2022-10-21 12:46:41
472,basoko,1.2391,23.616,72.63,94,1.54,96,2022-10-21 12:46:41
473,kluang,2.0251,103.3328,75.29,91,1.77,67,2022-10-21 12:46:41
474,karratha,-20.7377,116.8463,75.34,68,15.14,1,2022-10-21 12:46:42
475,pierre,44.3683,-100.351,56.32,50,6.91,0,2022-10-21 12:46:42
476,marawi,7.9986,124.2928,69.73,94,2.04,100,2022-10-21 12:46:42
477,ilukste,55.9775,26.2966,43.57,79,3.98,100,2022-10-21 12:42:40
478,waverly,42.7392,-84.6208,63.14,48,16.11,0,2022-10-21 12:46:43
479,lekoni,-1.5843,14.2591,75.74,82,3.18,92,2022-10-21 12:46:43
480,pevek,69.7008,170.3133,23.56,95,1.92,100,2022-10-21 12:46:43
481,pinahan,15.6266,121.0621,74.82,92,2.91,99,2022-10-21 12:46:44
482,magalia,39.8121,-121.5783,76.12,26,1.99,9,2022-10-21 12:46:44
483,havre-saint-pierre,50.2334,-63.5986,48.56,66,13.8,75,2022-10-21 12:44:06
484,bereznehuvate,47.3078,32.8499,45.5,47,2.28,3,2022-10-21 12:46:45
485,lagos,6.5833,3.75,86.32,82,5.26,63,2022-10-21 12:44:25
486,chiknayakanhalli,13.4172,76.6228,69.42,88,5.66,90,2022-10-21 12:46:45
487,pabrade,55.0,25.7833,43.25,79,4.81,100,2022-10-21 12:46:45
488,tupelo,34.2576,-88.7034,67.82,55,8.05,0,2022-10-21 12:43:34
489,seoul,37.5683,126.9778,51.24,97,2.3,75,2022-10-21 12:44:14
490,utiel,39.5667,-1.2,57.74,76,8.37,100,2022-10-21 12:46:46
491,taonan,45.3333,122.7833,40.08,79,5.08,49,2022-10-21 12:46:46
492,metro,-5.1131,105.3067,75.47,91,0.25,98,2022-10-21 12:46:47
493,lorengau,-2.0226,147.2712,80.74,77,5.03,36,2022-10-21 12:46:47
494,monrovia,6.3005,-10.7969,80.65,76,7.25,82,2022-10-21 12:46:47
495,ulety,51.3572,112.4849,27.21,69,2.98,89,2022-10-21 12:46:48
496,kalmunai,7.4167,81.8167,76.19,91,7.78,100,2022-10-21 12:46:48
497,vanimo,-2.6741,141.3028,77.92,87,4.76,100,2022-10-21 12:46:48
498,cherepovets,59.1333,37.9,28.22,100,0.0,0,2022-10-21 12:44:11
499,atar,20.5169,-13.0499,100.09,11,12.48,1,2022-10-21 12:46:49
500,pauini,-7.7136,-66.9764,90.82,51,3.09,91,2022-10-21 12:46:49
501,kautokeino,69.0125,23.0412,32.52,91,17.52,100,2022-10-21 12:46:50
502,husavik,66.0449,-17.3389,31.39,80,5.21,68,2022-10-21 12:46:50
503,north myrtle beach,33.816,-78.68,70.09,46,5.75,0,2022-10-21 12:45:02
504,barra do garcas,-15.89,-52.2567,79.38,78,11.5,100,2022-10-21 12:46:50
505,jalu,29.0331,21.5482,75.7,39,8.9,61,2022-10-21 12:46:51
506,portland,45.5234,-122.6762,54.36,81,5.75,100,2022-10-21 12:46:51
507,kijang,35.2442,129.2139,62.33,52,5.37,100,2022-10-21 12:46:52
508,ust-kuyga,70.0167,135.6,-8.48,100,5.57,99,2022-10-21 12:46:52
509,el cope,8.6167,-80.6,77.07,75,2.01,51,2022-10-21 12:46:52
510,gamba,-2.65,10.0,77.61,83,8.63,66,2022-10-21 12:46:53
511,abyek,36.0667,50.55,67.6,26,7.83,19,2022-10-21 12:46:54
512,asyut,27.181,31.1837,78.98,32,11.68,0,2022-10-21 12:45:12
513,san cristobal,7.7669,-72.225,77.18,59,1.03,57,2022-10-21 12:46:28
514,oyama,36.3,139.8,65.59,63,2.19,95,2022-10-21 12:46:54
515,pinotepa nacional,16.3167,-98.0167,85.01,56,3.0,42,2022-10-21 12:46:55
516,mosquera,4.7059,-74.2302,66.29,59,5.75,40,2022-10-21 12:43:36
517,beringovskiy,63.05,179.3167,32.16,96,1.88,99,2022-10-21 12:46:55
518,diu,20.7141,70.9822,82.17,55,10.92,0,2022-10-21 12:46:56
519,tuensang,26.2833,94.8333,63.61,83,3.42,0,2022-10-21 12:46:56
520,avera,33.194,-82.5271,65.55,27,1.59,0,2022-10-21 12:46:56
521,cap malheureux,-19.9842,57.6142,73.47,75,5.99,10,2022-10-21 12:46:57
522,chitungwiza,-18.0127,31.0756,72.45,44,12.26,75,2022-10-21 12:46:57
523,taywarah,33.35,64.4167,41.86,17,2.8,87,2022-10-21 12:46:57
524,marystown,47.1666,-55.1483,56.1,64,10.92,94,2022-10-21 12:46:58
525,mirante do paranapanema,-22.2919,-51.9064,80.1,62,11.86,89,2022-10-21 12:46:58
526,kotido,2.9806,34.1331,81.05,37,16.49,97,2022-10-21 12:46:58
527,adelanto,34.5828,-117.4092,77.2,32,2.77,0,2022-10-21 12:46:59
528,wajid,3.8093,43.2471,80.33,57,16.22,97,2022-10-21 12:46:59
529,fukuma,33.7667,130.4667,68.0,57,3.24,100,2022-10-21 12:46:59
530,labrea,-7.2586,-64.7981,94.53,42,4.92,96,2022-10-21 12:47:00
531,cockburn town,21.4612,-71.1419,83.35,74,14.38,75,2022-10-21 12:44:12
532,bousso,10.4795,16.7117,82.62,61,7.61,54,2022-10-21 12:47:00
533,gboko,7.3179,8.9951,80.44,70,1.57,94,2022-10-21 12:47:00
534,sibolga,1.7427,98.7792,75.81,90,2.89,100,2022-10-21 12:47:01
535,puri,19.8,85.85,75.72,69,8.72,14,2022-10-21 12:47:01
536,kurim,49.2985,16.5314,51.28,70,5.99,100,2022-10-21 12:47:01
537,cabra,37.4725,-4.4421,65.77,85,4.18,100,2022-10-21 12:47:02
538,khandyga,62.6667,135.6,-2.72,100,2.75,98,2022-10-21 12:47:02
539,skelleftea,64.7507,20.9528,42.01,100,3.44,75,2022-10-21 12:47:02
540,sandy bay,-42.913,147.3532,62.49,93,3.44,75,2022-10-21 12:47:03
541,freistadt,48.511,14.5045,56.5,80,1.57,100,2022-10-21 12:47:03
542,karakol,42.4907,78.3936,44.04,45,4.9,5,2022-10-21 12:47:03
543,saint-michel-des-saints,46.6834,-73.9159,46.94,59,13.24,25,2022-10-21 12:47:04
544,calbuco,-41.768,-73.1273,54.61,63,11.07,5,2022-10-21 12:47:04
545,gouyave,12.1646,-61.7296,88.57,70,12.66,40,2022-10-21 12:47:05
546,dukstas,55.5333,26.3333,42.78,77,4.29,100,2022-10-21 12:47:05
547,parauna,-16.9478,-50.4486,83.16,49,12.19,99,2022-10-21 12:47:05
548,prainha,-1.8,-53.48,95.07,40,5.59,49,2022-10-21 12:47:06
549,santa cruz del norte,23.1539,-81.9236,75.13,68,11.36,72,2022-10-21 12:47:06
550,perbaungan,3.5679,98.956,75.31,91,4.83,100,2022-10-21 12:47:06
551,schladming,47.3929,13.687,59.54,100,3.18,100,2022-10-21 12:47:07
552,soyo,-6.1349,12.3689,77.47,82,9.06,100,2022-10-21 12:47:07
553,kidal,18.4411,1.4078,89.8,11,9.75,92,2022-10-21 12:47:07
554,mingshui,36.7167,117.5,59.81,55,6.85,54,2022-10-21 12:47:08
555,marsala,37.7966,12.4352,73.35,78,10.36,0,2022-10-21 12:47:08
556,makakilo city,21.3469,-158.0858,77.32,82,6.91,40,2022-10-21 12:47:08
557,akyab,20.15,92.9,80.22,79,5.59,68,2022-10-21 12:47:09
558,calera,33.1029,-86.7536,70.65,39,4.61,0,2022-10-21 12:47:09
559,chajul,15.4853,-91.0342,64.44,97,1.63,100,2022-10-21 12:47:09
560,vanavara,60.34,102.2797,28.65,82,3.0,96,2022-10-21 12:47:10
561,lolotique,13.55,-88.35,78.8,59,1.43,61,2022-10-21 12:47:10
562,shymkent,42.3,69.6,57.43,21,5.35,15,2022-10-21 12:47:10
563,pyapon,16.2833,95.6833,76.91,84,5.03,82,2022-10-21 12:47:11
564,kenmare,51.8833,-9.5833,59.23,93,12.21,100,2022-10-21 12:47:11
565,lixourion,38.2019,20.4314,69.8,68,6.91,0,2022-10-21 12:47:11
566,bowen,-20.0167,148.2333,71.35,85,3.89,4,2022-10-21 12:47:12
567,nishihara,26.1842,127.7558,78.46,94,11.5,75,2022-10-21 12:47:12
568,taree,-31.9,152.4667,66.97,97,5.73,95,2022-10-21 12:47:12
569,bindura,-17.3019,31.3306,76.15,38,8.86,59,2022-10-21 12:47:13
570,sobolevo,54.4299,31.8996,42.66,79,4.94,100,2022-10-21 12:47:13
571,mponela,-13.5319,33.7401,77.09,40,4.9,21,2022-10-21 12:47:13
572,dunedin,-45.8742,170.5036,41.81,76,1.01,5,2022-10-21 12:47:14
573,yerbogachen,61.2767,108.0108,28.38,91,3.53,92,2022-10-21 12:47:14
574,lerwick,60.1545,-1.1494,51.8,95,26.84,100,2022-10-21 12:47:14
575,ulaanbaatar,47.9077,106.8832,24.93,80,2.24,0,2022-10-21 12:47:15
576,tabas,33.5959,56.9244,76.8,16,3.04,2,2022-10-21 12:47:15
577,ulladulla,-35.35,150.4667,61.7,98,6.08,99,2022-10-21 12:47:15
578,grand gaube,-20.0064,57.6608,73.8,75,5.99,6,2022-10-21 12:47:16
579,baiyin,36.5583,104.2081,48.42,37,1.72,72,2022-10-21 12:47:16
580,san antonio,29.4241,-98.4936,80.11,56,11.5,0,2022-10-21 12:43:14
581,smithers,54.7804,-127.1743,32.32,93,3.44,75,2022-10-21 12:44:48
582,lalsk,60.7415,47.5862,30.47,83,8.9,14,2022-10-21 12:47:16
583,johi,26.6921,67.6133,83.68,32,6.62,0,2022-10-21 12:47:17
584,talaya,61.3833,152.75,-4.92,100,1.23,99,2022-10-21 12:47:17
585,atasu,48.6814,71.6433,49.53,35,11.59,48,2022-10-21 12:47:17
586,thinadhoo,0.5333,72.9333,80.78,79,10.56,94,2022-10-21 12:47:18
587,vao,-22.6667,167.4833,71.28,62,20.83,96,2022-10-21 12:47:18
588,khor,47.8861,134.9464,41.22,95,3.87,100,2022-10-21 12:47:18
589,springdale,36.1867,-94.1288,76.73,40,10.36,0,2022-10-21 12:47:19
590,pangody,65.85,74.4859,30.09,95,13.11,98,2022-10-21 12:47:19
591,gao,16.6362,1.637,93.38,11,8.81,8,2022-10-21 12:47:19
592,cabras,39.93,8.5314,73.87,59,9.71,98,2022-10-21 12:47:20
593,na klang,17.3072,102.1889,72.79,87,3.96,12,2022-10-21 12:47:20
594,fuyu,45.1833,124.8167,40.39,77,5.88,32,2022-10-21 12:47:20
595,daitari,21.1,85.75,68.0,67,4.14,0,2022-10-21 12:47:21
596,olot,42.181,2.4901,74.26,59,1.99,32,2022-10-21 12:47:21
597,kirkwood,38.5834,-90.4068,74.53,38,11.5,20,2022-10-21 12:47:21
598,preobrazheniye,42.9019,133.9064,52.11,79,7.67,3,2022-10-21 12:47:22
599,laguna,38.421,-121.4238,80.08,67,3.44,0,2022-10-21 12:47:22
600,bathsheba,13.2167,-59.5167,88.41,70,16.11,40,2022-10-21 12:45:47
601,bekwai,6.4534,-1.5774,78.49,81,2.91,79,2022-10-21 12:47:22
602,hailar,49.2,119.7,29.03,83,4.72,53,2022-10-21 12:47:23
603,khasan,42.4308,130.6434,57.6,68,9.8,26,2022-10-21 12:47:23
604,belyy yar,53.6039,91.3903,44.49,76,8.95,97,2022-10-21 12:47:23
605,muli,2.9167,73.5667,81.79,74,14.05,80,2022-10-21 12:47:24
606,letlhakane,-21.4167,25.5833,80.92,21,2.73,5,2022-10-21 12:47:24
607,christchurch,-43.5333,172.6333,35.91,85,2.3,4,2022-10-21 12:45:03
608,juba,4.8517,31.5825,76.57,77,4.45,89,2022-10-21 12:47:25
609,egvekinot,66.3167,-179.1667,25.32,93,5.93,100,2022-10-21 12:47:25
610,ust-nera,64.5667,143.2,-0.69,91,1.74,100,2022-10-21 12:47:25
611,ishigaki,24.3448,124.1572,80.73,94,8.05,75,2022-10-21 12:47:26
612,zuwarah,32.9312,12.082,73.9,59,11.79,0,2022-10-21 12:47:26
613,rincon,32.296,-81.2354,68.92,30,5.75,20,2022-10-21 12:47:27
614,mahibadhoo,3.7833,72.9667,82.13,76,14.43,99,2022-10-21 12:47:27
615,tiarei,-17.5333,-149.3333,77.32,80,17.22,26,2022-10-21 12:47:27
616,qandala,11.472,49.8728,81.91,68,7.09,9,2022-10-21 12:47:28
617,angoche,-16.2325,39.9086,77.14,79,14.18,1,2022-10-21 12:47:28
618,havoysund,70.9963,24.6622,35.83,93,10.74,100,2022-10-21 12:47:28
619,qaqortoq,60.7167,-46.0333,36.3,96,9.86,100,2022-10-21 12:46:51
620,waipawa,-41.4122,175.5153,36.32,83,3.09,4,2022-10-21 12:47:29
621,kimbe,-5.5502,150.1429,75.34,93,2.93,96,2022-10-21 12:47:29
622,axim,4.8699,-2.2405,80.49,76,9.28,91,2022-10-21 12:47:29
623,sfantu gheorghe,45.8667,25.7833,47.93,52,3.62,5,2022-10-21 12:47:31
624,hambantota,6.1241,81.1185,79.45,76,5.48,100,2022-10-21 12:47:31
625,bridgetown,13.1,-59.6167,88.29,70,16.11,40,2022-10-21 12:42:38
626,kieta,-6.2167,155.6333,77.88,80,3.04,100,2022-10-21 12:47:32
627,karatuzskoye,53.6072,92.8667,39.69,94,4.25,98,2022-10-21 12:47:32
628,izhma,65.0083,53.9113,34.68,97,12.39,100,2022-10-21 12:47:32
629,kippen,56.1268,-4.1709,56.66,89,5.5,99,2022-10-21 12:47:33
630,kamenka,51.3223,42.7678,38.17,70,8.3,27,2022-10-21 12:47:33
631,kashary,49.04,41.0056,39.34,71,7.99,41,2022-10-21 12:47:33
632,madera,37.1666,-119.8343,83.25,18,2.89,3,2022-10-21 12:46:53
633,whitehorse,60.7161,-135.0538,36.37,91,3.44,100,2022-10-21 12:45:28
634,parad,47.9232,20.0297,49.39,44,4.14,100,2022-10-21 12:47:34
635,llano de piedra,7.6667,-80.5667,83.89,99,2.53,86,2022-10-21 12:47:34
636,otrado-kubanskoye,45.2442,40.8408,50.22,56,7.14,98,2022-10-21 12:47:35
637,lokoja,7.8024,6.743,81.1,79,3.83,64,2022-10-21 12:47:35
638,colac,-38.3333,143.5833,60.84,98,2.91,100,2022-10-21 12:47:35
639,goundam,16.4145,-3.6708,97.27,11,13.82,95,2022-10-21 12:47:36
640,sorong,-0.8833,131.25,80.73,81,7.4,90,2022-10-21 12:47:36
641,bitung,1.4451,125.1824,80.76,79,1.39,66,2022-10-21 12:47:37
642,ongwediva,-17.7833,15.7667,89.92,21,7.02,55,2022-10-21 12:47:37
643,moses lake,47.1301,-119.2781,52.48,71,13.8,100,2022-10-21 12:47:37
644,ambulu,-8.345,113.6058,76.35,92,2.15,99,2022-10-21 12:47:38
645,cessnock,-32.8333,151.35,65.08,99,0.87,93,2022-10-21 12:47:38
646,sola,-13.8833,167.55,80.51,78,18.72,97,2022-10-21 12:47:17
647,coquimbo,-29.9533,-71.3436,58.73,77,10.36,75,2022-10-21 12:47:38
648,manali,13.1667,80.2667,84.29,81,8.08,19,2022-10-21 12:43:49
649,maningrida,-12.0667,134.2667,82.69,78,8.88,82,2022-10-21 12:47:39
650,salto del guaira,-24.0625,-54.3069,77.52,56,7.23,38,2022-10-21 12:47:39
651,komsomolskiy,40.4272,71.7189,50.72,81,6.91,14,2022-10-21 12:47:40
652,soledad,10.9184,-74.7646,89.73,62,8.05,40,2022-10-21 12:47:40
653,show low,34.2542,-110.0298,64.69,42,9.22,0,2022-10-21 12:47:40
654,nakamura,32.9833,132.9333,60.71,84,3.04,94,2022-10-21 12:47:41
655,pochinki,54.6988,44.8668,37.53,71,6.87,100,2022-10-21 12:47:41
656,sao miguel do araguaia,-13.275,-50.1628,97.81,27,7.2,99,2022-10-21 12:47:41
657,voh,-20.9667,164.7,71.33,82,5.41,100,2022-10-21 12:47:42
658,bubaque,11.2833,-15.8333,82.58,71,8.55,57,2022-10-21 12:47:42
659,dzhankoy,45.7167,34.4,47.57,58,4.61,38,2022-10-21 12:42:53
660,coihaique,-45.5752,-72.0662,51.75,35,5.75,0,2022-10-21 12:43:03
661,boa vista,2.8197,-60.6733,91.38,49,8.05,40,2022-10-21 12:47:42
662,elban,50.1018,136.5094,37.74,63,7.49,100,2022-10-21 12:47:43
663,buraydah,26.326,43.975,84.65,12,4.92,0,2022-10-21 12:44:37
664,popondetta,-8.7537,148.2534,75.29,92,2.1,100,2022-10-21 12:47:43
665,belaya gora,68.5333,146.4167,-0.06,93,4.05,61,2022-10-21 12:47:44
666,manokwari,-0.8667,134.0833,77.83,84,5.32,96,2022-10-21 12:47:44
667,maragogi,-9.0122,-35.2225,80.87,66,9.57,18,2022-10-21 12:47:44
668,brasilia de minas,-16.2064,-44.4333,88.92,31,5.7,77,2022-10-21 12:47:45
669,pasian,7.9281,126.0672,74.16,96,1.03,99,2022-10-21 12:47:46
670,nuuk,64.1835,-51.7216,43.41,81,40.29,100,2022-10-21 12:47:47
671,srednekolymsk,67.45,153.6833,13.71,95,12.12,100,2022-10-21 12:47:47
672,waingapu,-9.6567,120.2641,81.27,81,0.34,49,2022-10-21 12:47:47
673,verkhnevilyuysk,63.4453,120.3167,20.35,97,4.45,88,2022-10-21 12:47:48
674,hukuntsi,-24.0,21.75,83.14,18,11.05,7,2022-10-21 12:47:48
675,san pedro de uraba,8.2752,-76.3764,84.27,71,3.29,88,2022-10-21 12:47:48
676,escanaba,45.7453,-87.0646,60.26,70,17.0,0,2022-10-21 12:47:49
677,gallup,35.5281,-108.7426,56.01,53,1.99,0,2022-10-21 12:47:49
678,ust-kulom,61.6864,53.6902,29.88,87,10.4,87,2022-10-21 12:47:49
679,rudnaya pristan,44.3614,135.8116,50.09,77,6.67,10,2022-10-21 12:47:50
680,kurumkan,54.3,110.3,26.8,80,3.53,87,2022-10-21 12:47:50
681,kohlu,29.8962,69.252,67.46,33,4.94,0,2022-10-21 12:46:01
682,mulege,26.8833,-111.9833,83.32,50,2.35,40,2022-10-21 12:47:50
683,baracoa,20.3467,-74.4958,84.49,70,3.69,39,2022-10-21 12:47:51
684,juneau,58.3019,-134.4197,44.6,97,9.22,100,2022-10-21 12:47:42
685,sabang,5.8933,95.3214,80.56,77,20.36,100,2022-10-21 12:47:51
686,maun,-19.9833,23.4167,88.34,17,7.76,57,2022-10-21 12:47:52
687,conakry,9.538,-13.6773,86.07,62,9.22,20,2022-10-21 12:47:52
688,zlitan,32.4674,14.5687,73.85,60,10.27,7,2022-10-21 12:47:52
689,northam,51.0333,-4.2167,59.61,96,16.87,90,2022-10-21 12:47:53
690,jieshi,22.8134,115.8257,72.25,80,8.97,94,2022-10-21 12:47:53
691,neiafu,-18.65,-173.9833,72.28,100,4.61,100,2022-10-21 12:47:53
692,priargunsk,50.3691,119.1012,30.92,85,3.27,47,2022-10-21 12:47:54
693,nelson bay,-32.7167,152.15,68.09,92,11.99,100,2022-10-21 12:46:06
694,zhigansk,66.7697,123.3711,15.37,97,4.5,93,2022-10-21 12:47:54
695,phuket,8.0,98.25,86.13,86,2.3,40,2022-10-21 12:47:55
696,linxi,39.7,118.4333,57.36,49,6.58,4,2022-10-21 12:47:55
697,lodja,-3.4833,23.4333,70.27,98,3.76,91,2022-10-21 12:45:57
698,tosno,59.54,30.8775,42.62,94,2.95,100,2022-10-21 12:47:55
699,roma,43.2128,-75.4557,59.83,31,10.0,0,2022-10-21 12:47:56
700,ballymena,54.8636,-6.2763,58.44,94,12.35,93,2022-10-21 12:47:56
701,novorudnyy,51.5026,58.1873,49.46,72,4.36,100,2022-10-21 12:47:56
702,contai,21.7786,87.7536,73.78,68,8.19,0,2022-10-21 12:47:57
703,necochea,-38.5473,-58.7368,56.01,61,20.13,88,2022-10-21 12:47:57
704,puro,12.4841,123.3827,79.77,87,6.44,51,2022-10-21 12:47:57
705,antalaha,-14.9003,50.2788,69.46,78,9.89,19,2022-10-21 12:47:58
706,leh,34.1667,77.5833,30.65,49,3.74,51,2022-10-21 12:46:14
707,sampit,-2.5333,112.95,76.01,97,1.01,100,2022-10-21 12:47:58
708,slavonice,48.9975,15.3515,48.7,82,4.12,100,2022-10-21 12:47:59
709,potosi,-19.5836,-65.7531,58.06,21,17.27,0,2022-10-21 12:47:59
710,sandovo,58.4602,36.4128,39.29,76,2.91,97,2022-10-21 12:47:59
